mutant,sequence,readout,normalized-score
WT,RGGRLCYCRRRFCVCVGR,-1443.000000,0.623083
F12S,RGGRLCYCRRRSCVCVGR,-1287.000000,0.636021
Y7F,RGGRLCFCRRRFCVCVGR,-1837.000000,0.590405
V14F,RGGRLCYCRRRFCFCVGR,-1067.666667,0.654213
G3V:V16L,RGVRLCYCRRRFCVCLGR,-5964.000000,0.248113
L5I:F12Y:V14I,RGGRICYCRRRYCICVGR,-2387.666667,0.544733
R11K:G17R:R18C,RGGRLCYCRRKFCVCVRC,-3798.000000,0.427760
C6R:R9H:C15S,RGGRLRYCHRRFCVSVGR,-1913.000000,0.584101
G3V:R4H:F12Y,RGVHLCYCRRRYCVCVGR,-2925.000000,0.500166
F12Y:R18H,RGGRLCYCRRRYCVCVGH,-1975.333333,0.578931
G3V:L5I:V14F,RGVRICYCRRRFCFCVGR,-4267.333333,0.388834
G2R:L5I:R11K,RRGRICYCRRKFCVCVGR,-1491.333333,0.619074
R1L:G2S:V16L:G17R,LSGRLCYCRRRFCVCLRR,-1863.333333,0.588221
G3W:C6G:C15S:V16I,RGWRLGYCRRRFCVSIGR,-2548.000000,0.531435
G2R:G3V:R4H:F12Y,RRVHLCYCRRRYCVCVGR,-2073.333333,0.570803
R1H:G2V:G3R:V14A:R18S,HVRRLCYCRRRFCACVGS,-2378.000000,0.545534
G3V:F12L,RGVRLCYCRRRLCVCVGR,-7084.666667,0.155166
V14F:R18L,RGGRLCYCRRRFCFCVGL,-7380.000000,0.130671
V16L:R18S,RGGRLCYCRRRFCVCLGS,-6948.666667,0.166445
G3W:V16L,RGWRLCYCRRRFCVCLGR,-9290.000000,-0.027744
R18L,RGGRLCYCRRRFCVCVGL,-11721.666667,-0.229425
G3W:R4S:R11K,RGWSLCYCRRKFCVCVGR,-12213.666667,-0.270231
G3V:V14I,RGVRLCYCRRRFCICVGR,-17353.333333,-0.696513
G2V:G3V:Y7F,RVVRLCFCRRRFCVCVGR,-14227.000000,-0.437216
G3W:G17R,RGWRLCYCRRRFCVCVRR,-22223.666667,-1.100456
G3W:V14I,RGWRLCYCRRRFCICVGR,-44248.333333,-2.927172
G3W,RGWRLCYCRRRFCVCVGR,-49888.333333,-3.394951
