accession,hgvs_nt,hgvs_splice,hgvs_pro,score,count_selected,count_initial,selected_codon_freq,initial_codon_freq
urn:mavedb:00000106-a-1#1,NA,NA,p.Pro123Ter,0.0,0,31,0.0,0.022912047302291204
urn:mavedb:00000106-a-1#2,NA,NA,p.Glu122Ter,0.23087806551191906,3,49,0.0063025210084033615,0.027298050139275762
urn:mavedb:00000106-a-1#3,NA,NA,p.Asp118Gly,0.2295150444417053,11,183,0.013784461152882205,0.06005907449950771
urn:mavedb:00000106-a-1#4,NA,NA,p.Glu117Gly,0.8901297875575336,48,213,0.047105004906771344,0.052919254658385095
urn:mavedb:00000106-a-1#5,NA,NA,p.Cys116Gly,0.7210799680373716,75,319,0.06127450980392156,0.08497602557272244
urn:mavedb:00000106-a-1#6,NA,NA,p.Phe115Gly,0.3186701261006975,73,227,0.02757839063090291,0.08654212733511246
urn:mavedb:00000106-a-1#7,NA,NA,p.Tyr114Gly,1.032525837425786,145,140,0.07439712673165726,0.07205352547606794
urn:mavedb:00000106-a-1#8,NA,NA,p.Leu113Gly,2.0079290837008332,573,378,0.26800748362956034,0.13347457627118645
urn:mavedb:00000106-a-1#9,NA,NA,p.Pro123Phe,0.5130830489192264,5,45,0.017064846416382253,0.03325942350332594
urn:mavedb:00000106-a-1#10,NA,NA,p.Glu122Phe,2.6187558356676,25,36,0.05252100840336135,0.02005571030640669
urn:mavedb:00000106-a-1#11,NA,NA,p.Ala121Phe,1.66412213740458,12,24,0.03053435114503817,0.01834862385321101
urn:mavedb:00000106-a-1#12,NA,NA,p.Lys120Phe,4.433464345873105,47,52,0.08576642335766424,0.019345238095238096
urn:mavedb:00000106-a-1#13,NA,NA,p.Arg119Phe,0.3456331133624563,4,53,0.006568144499178982,0.0190032269630692
urn:mavedb:00000106-a-1#14,NA,NA,p.Asp118Phe,0.1613364396907762,3,71,0.003759398496240601,0.02330160813915327
urn:mavedb:00000106-a-1#15,NA,NA,p.Glu117Phe,0.34955317984836776,10,113,0.009813542688910696,0.028074534161490684
urn:mavedb:00000106-a-1#16,NA,NA,p.Cys116Phe,2.1780098512835084,49,69,0.04003267973856209,0.01838039424613745
urn:mavedb:00000106-a-1#17,NA,NA,p.Phe115Phe,3.5438456071151863,211,59,0.07971288250850019,0.02249332825009531
urn:mavedb:00000106-a-1#18,NA,NA,p.Tyr114Phe,0.19171567273157836,5,26,0.0025654181631605947,0.013381369016984043
urn:mavedb:00000106-a-1#19,NA,NA,p.Leu113Phe,8.523528694025298,148,23,0.06922357343311505,0.008121468926553672
urn:mavedb:00000106-a-1#20,NA,NA,p.Pro123Glu,0.32983910287664553,2,28,0.006825938566552901,0.020694752402069475
urn:mavedb:00000106-a-1#21,NA,NA,p.Glu122Glu,3.8226660527224583,74,73,0.15546218487394958,0.040668523676880224
urn:mavedb:00000106-a-1#22,NA,NA,p.Ala121Glu,0.7831162999550966,8,34,0.020356234096692117,0.025993883792048932
urn:mavedb:00000106-a-1#23,NA,NA,p.Lys120Glu,0.6023818670764503,7,57,0.012773722627737226,0.021205357142857144
urn:mavedb:00000106-a-1#24,NA,NA,p.Arg119Glu,1.1580695694845515,22,87,0.0361247947454844,0.03119397633560416
urn:mavedb:00000106-a-1#25,NA,NA,p.Asp118Glu,0.525015664160401,11,80,0.013784461152882205,0.02625533311453889
urn:mavedb:00000106-a-1#26,NA,NA,p.Glu117Glu,3.270389481570589,77,93,0.07556427870461238,0.0231055900621118
urn:mavedb:00000106-a-1#27,NA,NA,p.Cys116Glu,0.191687091503268,5,80,0.004084967320261438,0.021310602024507196
urn:mavedb:00000106-a-1#28,NA,NA,p.Phe115Glu,0.3223517416852905,27,83,0.010200226671703816,0.031643156690812045
urn:mavedb:00000106-a-1#29,NA,NA,p.Tyr114Glu,0.0,0,56,0.0,0.028821410190427176
urn:mavedb:00000106-a-1#30,NA,NA,p.Leu113Glu,0.11479887745556595,13,150,0.00608044901777362,0.05296610169491525
urn:mavedb:00000106-a-1#31,NA,NA,p.Pro123Asp,0.3378839590443686,3,41,0.010238907849829351,0.030303030303030307
urn:mavedb:00000106-a-1#32,NA,NA,p.Glu122Asp,0.47137605042016795,1,8,0.0021008403361344537,0.004456824512534819
urn:mavedb:00000106-a-1#33,NA,NA,p.Ala121Asp,0.9245122985581,10,36,0.025445292620865142,0.027522935779816515
urn:mavedb:00000106-a-1#34,NA,NA,p.Lys120Asp,0.5526883931325177,8,71,0.0145985401459854,0.026413690476190483
urn:mavedb:00000106-a-1#35,NA,NA,p.Arg119Asp,1.5570771756978652,34,100,0.05582922824302135,0.035855145213338116
urn:mavedb:00000106-a-1#36,NA,NA,p.Asp118Asp,0.3877956610275689,13,128,0.016290726817042606,0.042008532983262216
urn:mavedb:00000106-a-1#37,NA,NA,p.Glu117Asp,2.209294589245023,99,177,0.0971540726202159,0.0439751552795031
urn:mavedb:00000106-a-1#38,NA,NA,p.Cys116Asp,0.1135923505204551,4,108,0.0032679738562091504,0.028769312733084713
urn:mavedb:00000106-a-1#39,NA,NA,p.Phe115Asp,0.30602346718815976,21,68,0.007933509633547412,0.025924513915364086
urn:mavedb:00000106-a-1#40,NA,NA,p.Tyr114Asp,4.1245183553154465,211,51,0.10826064648537713,0.02624806999485332
urn:mavedb:00000106-a-1#41,NA,NA,p.Leu113Asp,0.0453630969924523,5,146,0.0023386342376052385,0.051553672316384185
urn:mavedb:00000106-a-1#42,NA,NA,p.Pro123Cys,1.5832276938078986,12,35,0.040955631399317405,0.025868440502586843
urn:mavedb:00000106-a-1#43,NA,NA,p.Glu122Cys,0.5761262838468721,11,72,0.023109243697478996,0.04011142061281337
urn:mavedb:00000106-a-1#44,NA,NA,p.Ala121Cys,0.29366861248316123,3,34,0.0076335877862595426,0.025993883792048932
urn:mavedb:00000106-a-1#45,NA,NA,p.Lys120Cys,1.5245610574077726,23,74,0.041970802919708027,0.027529761904761904
urn:mavedb:00000106-a-1#46,NA,NA,p.Arg119Cys,0.7493954321540528,9,55,0.014778325123152709,0.019720329867335958
urn:mavedb:00000106-a-1#47,NA,NA,p.Asp118Cys,0.16364124597207302,3,70,0.003759398496240601,0.022973416475221532
urn:mavedb:00000106-a-1#48,NA,NA,p.Glu117Cys,2.8527423399847343,78,108,0.07654563297350342,0.026832298136645963
urn:mavedb:00000106-a-1#49,NA,NA,p.Cys116Cys,5.666828983248929,279,151,0.22794117647058826,0.040223761321257316
urn:mavedb:00000106-a-1#50,NA,NA,p.Phe115Cys,0.9630195224995609,69,71,0.026067245938798642,0.027068242470453682
urn:mavedb:00000106-a-1#51,NA,NA,p.Tyr114Cys,0.1278104484877189,10,78,0.005130836326321189,0.04014410705095214
urn:mavedb:00000106-a-1#52,NA,NA,p.Leu113Cys,0.3116711605128487,32,136,0.014967259120673529,0.0480225988700565
urn:mavedb:00000106-a-1#53,NA,NA,p.Pro123Ala,1.24605883308955,17,63,0.05802047781569966,0.04656319290465632
urn:mavedb:00000106-a-1#54,NA,NA,p.Glu122Ala,1.1153686826843414,42,142,0.08823529411764706,0.07910863509749304
urn:mavedb:00000106-a-1#55,NA,NA,p.Ala121Ala,1.0603256096737148,36,113,0.0916030534351145,0.0863914373088685
urn:mavedb:00000106-a-1#56,NA,NA,p.Lys120Ala,0.6055690727223574,30,243,0.054744525547445265,0.09040178571428573
urn:mavedb:00000106-a-1#57,NA,NA,p.Arg119Ala,0.7990008035495931,41,235,0.06732348111658458,0.08425959125134456
urn:mavedb:00000106-a-1#58,NA,NA,p.Asp118Ala,0.4561680750548938,27,226,0.03383458646616541,0.07417131604857237
urn:mavedb:00000106-a-1#59,NA,NA,p.Glu117Ala,0.6620029495452328,60,358,0.05888125613346418,0.088944099378882
urn:mavedb:00000106-a-1#60,NA,NA,p.Cys116Ala,1.49129039995203,159,327,0.12990196078431376,0.08710708577517315
urn:mavedb:00000106-a-1#61,NA,NA,p.Phe115Ala,0.19025916131469586,48,250,0.018133736305251228,0.09531071292413268
urn:mavedb:00000106-a-1#62,NA,NA,p.Tyr114Ala,0.4738454034674319,77,162,0.03950743971267317,0.08337622233659289
urn:mavedb:00000106-a-1#63,NA,NA,p.Leu113Ala,0.22076707202993454,45,270,0.021047708138447148,0.09533898305084744
urn:mavedb:00000106-a-1#64,NA,NA,p.Ala121Ter,0.0,0,34,0.0,0.025993883792048932
urn:mavedb:00000106-a-1#65,NA,NA,p.Lys120Ter,0.4716451431779898,5,52,0.009124087591240877,0.019345238095238096
urn:mavedb:00000106-a-1#66,NA,NA,p.Arg119Ter,0.0,0,34,0.0,0.012190749372534958
urn:mavedb:00000106-a-1#67,NA,NA,p.Asp118Ter,0.14141836071660632,3,81,0.003759398496240601,0.026583524778470626
urn:mavedb:00000106-a-1#68,NA,NA,p.Glu117Ter,0.34347399411187435,8,92,0.007850834151128557,0.022857142857142857
urn:mavedb:00000106-a-1#69,NA,NA,p.Cys116Ter,0.1022331154684096,2,60,0.0016339869281045752,0.01598295151838039
urn:mavedb:00000106-a-1#70,NA,NA,p.Phe115Ter,0.2548113767607534,9,35,0.003400075557234605,0.013343499809378576
urn:mavedb:00000106-a-1#71,NA,NA,p.Tyr114Ter,0.06431751601317466,2,31,0.001026167265264238,0.0159547092125579
urn:mavedb:00000106-a-1#72,NA,NA,p.Leu113Ter,0.9031380219406412,45,66,0.021047708138447148,0.023305084745762712
urn:mavedb:00000106-a-1#73,NA,NA,p.Pro123Tyr,1.3643344709897611,13,44,0.044368600682593864,0.032520325203252036
urn:mavedb:00000106-a-1#74,NA,NA,p.Glu122Tyr,0.3901043175891046,3,29,0.0063025210084033615,0.01615598885793872
urn:mavedb:00000106-a-1#75,NA,NA,p.Ala121Tyr,0.0,0,31,0.0,0.023700305810397556
urn:mavedb:00000106-a-1#76,NA,NA,p.Lys120Tyr,3.270072992700729,52,78,0.0948905109489051,0.029017857142857144
urn:mavedb:00000106-a-1#77,NA,NA,p.Arg119Tyr,0.750760451156155,10,61,0.016420361247947456,0.02187163858013625
urn:mavedb:00000106-a-1#78,NA,NA,p.Asp118Tyr,0.7049161364950838,12,65,0.015037593984962403,0.02133245815556285
urn:mavedb:00000106-a-1#79,NA,NA,p.Glu117Tyr,0.6101550220605249,19,123,0.018645731108930325,0.030559006211180125
urn:mavedb:00000106-a-1#80,NA,NA,p.Cys116Tyr,4.027738404598787,109,83,0.08905228758169935,0.022109749600426214
urn:mavedb:00000106-a-1#81,NA,NA,p.Phe115Tyr,8.31970941946858,403,48,0.1522478277295051,0.018299656881433472
urn:mavedb:00000106-a-1#82,NA,NA,p.Tyr114Tyr,6.241595467017647,576,92,0.2955361723961006,0.04734945959855893
urn:mavedb:00000106-a-1#83,NA,NA,p.Leu113Tyr,0.18062760438812825,9,66,0.00420954162768943,0.023305084745762712
urn:mavedb:00000106-a-1#84,NA,NA,p.Pro123Trp,0.3420553659461509,4,54,0.013651877133105802,0.03991130820399113
urn:mavedb:00000106-a-1#85,NA,NA,p.Glu122Trp,0.2772800296589224,5,68,0.01050420168067227,0.03788300835654596
urn:mavedb:00000106-a-1#86,NA,NA,p.Ala121Trp,0.83206106870229,9,36,0.022900763358778626,0.027522935779816515
urn:mavedb:00000106-a-1#87,NA,NA,p.Lys120Trp,1.2967530833123582,23,87,0.041970802919708027,0.03236607142857143
urn:mavedb:00000106-a-1#88,NA,NA,p.Arg119Trp,1.0718303462250638,11,47,0.0180623973727422,0.016851918250268914
urn:mavedb:00000106-a-1#89,NA,NA,p.Asp118Trp,0.1983530254206946,4,77,0.005012531328320803,0.02527075812274368
urn:mavedb:00000106-a-1#90,NA,NA,p.Glu117Trp,0.4438147114928713,10,89,0.009813542688910696,0.022111801242236023
urn:mavedb:00000106-a-1#91,NA,NA,p.Cys116Trp,0.6970439691027926,25,110,0.02042483660130719,0.029302077783697388
urn:mavedb:00000106-a-1#92,NA,NA,p.Phe115Trp,3.5557012378052844,305,85,0.11522478277295052,0.03240564239420511
urn:mavedb:00000106-a-1#93,NA,NA,p.Tyr114Trp,0.4125192406362237,24,58,0.012314007183170857,0.02985074626865672
urn:mavedb:00000106-a-1#94,NA,NA,p.Leu113Trp,0.19074275023386345,18,125,0.00841908325537886,0.04413841807909605
urn:mavedb:00000106-a-1#95,NA,NA,p.Pro123Val,0.3113088161981823,6,89,0.020477815699658702,0.06577974870657798
urn:mavedb:00000106-a-1#96,NA,NA,p.Glu122Val,0.2651490283613445,9,128,0.018907563025210083,0.0713091922005571
urn:mavedb:00000106-a-1#97,NA,NA,p.Ala121Val,0.3247067585179669,8,82,0.020356234096692117,0.06269113149847094
urn:mavedb:00000106-a-1#98,NA,NA,p.Lys120Val,0.3528855747518773,10,139,0.01824817518248175,0.05171130952380952
urn:mavedb:00000106-a-1#99,NA,NA,p.Arg119Val,0.3572767820750212,11,141,0.0180623973727422,0.05055575475080674
urn:mavedb:00000106-a-1#100,NA,NA,p.Asp118Val,0.1264336337532573,5,151,0.006265664160401002,0.049556941253692165
urn:mavedb:00000106-a-1#101,NA,NA,p.Glu117Val,1.1114580545395072,65,231,0.06378802747791952,0.057391304347826085
urn:mavedb:00000106-a-1#102,NA,NA,p.Cys116Val,2.2907790688291776,121,162,0.0988562091503268,0.04315396909962706
urn:mavedb:00000106-a-1#103,NA,NA,p.Phe115Val,0.5060084077518507,72,141,0.02720060445787684,0.05375524208921083
urn:mavedb:00000106-a-1#104,NA,NA,p.Tyr114Val,0.06701993265238368,8,119,0.004104669061056952,0.06124549665465775
urn:mavedb:00000106-a-1#105,NA,NA,p.Leu113Val,0.7913938260056127,141,236,0.06594948550046772,0.08333333333333333
urn:mavedb:00000106-a-1#106,NA,NA,p.Pro123Thr,0.11262798634812285,1,41,0.0034129692832764505,0.030303030303030307
urn:mavedb:00000106-a-1#107,NA,NA,p.Glu122Thr,0.3467593934125374,8,87,0.01680672268907563,0.04846796657381616
urn:mavedb:00000106-a-1#108,NA,NA,p.Ala121Thr,0.4470775891534693,9,67,0.022900763358778626,0.05122324159021407
urn:mavedb:00000106-a-1#109,NA,NA,p.Lys120Thr,0.7546322290847838,26,169,0.04744525547445255,0.06287202380952381
urn:mavedb:00000106-a-1#110,NA,NA,p.Arg119Thr,1.0451457732899998,55,241,0.09031198686371099,0.08641089996414486
urn:mavedb:00000106-a-1#111,NA,NA,p.Asp118Thr,0.21122487068735668,13,235,0.016290726817042606,0.077125041023958
urn:mavedb:00000106-a-1#112,NA,NA,p.Glu117Thr,1.8044344091782591,164,359,0.16094210009813542,0.08919254658385094
urn:mavedb:00000106-a-1#113,NA,NA,p.Cys116Thr,0.4124577417173765,39,290,0.031862745098039214,0.07725093233883858
urn:mavedb:00000106-a-1#114,NA,NA,p.Phe115Thr,0.14437436358041214,22,151,0.00831129580657348,0.057567670606176125
urn:mavedb:00000106-a-1#115,NA,NA,p.Tyr114Thr,0.16839890172368369,25,148,0.012827090815802977,0.0761708697889861
urn:mavedb:00000106-a-1#116,NA,NA,p.Leu113Thr,0.19690036154021187,22,148,0.01028999064546305,0.05225988700564972
urn:mavedb:00000106-a-1#117,NA,NA,p.Pro123Ser,0.5558399696624953,13,108,0.044368600682593864,0.07982261640798226
urn:mavedb:00000106-a-1#118,NA,NA,p.Glu122Ser,0.4296085522816721,18,158,0.037815126050420166,0.08802228412256267
urn:mavedb:00000106-a-1#119,NA,NA,p.Ala121Ser,0.8095729317103363,27,111,0.06870229007633588,0.08486238532110092
urn:mavedb:00000106-a-1#120,NA,NA,p.Lys120Ser,0.7172565762291696,31,212,0.056569343065693424,0.07886904761904763
urn:mavedb:00000106-a-1#121,NA,NA,p.Arg119Ser,1.1071654125841321,66,273,0.1083743842364532,0.09788454643241304
urn:mavedb:00000106-a-1#122,NA,NA,p.Asp118Ser,0.2402239041311889,19,302,0.023809523809523808,0.09911388250738433
urn:mavedb:00000106-a-1#123,NA,NA,p.Glu117Ser,1.218493860859606,120,389,0.11776251226692835,0.09664596273291924
urn:mavedb:00000106-a-1#124,NA,NA,p.Cys116Ser,0.1643032212885154,18,336,0.014705882352941175,0.08950452850293021
urn:mavedb:00000106-a-1#125,NA,NA,p.Phe115Ser,0.2615661058683425,52,197,0.019644880997355497,0.07510484178421653
urn:mavedb:00000106-a-1#126,NA,NA,p.Tyr114Ser,0.15290207027671893,25,163,0.012827090815802977,0.08389089037570767
urn:mavedb:00000106-a-1#127,NA,NA,p.Leu113Ser,1.201701175585623,176,194,0.0823199251637044,0.06850282485875707
urn:mavedb:00000106-a-1#128,NA,NA,p.Pro123Arg,2.7434852439269224,101,170,0.3447098976109215,0.12564671101256467
urn:mavedb:00000106-a-1#129,NA,NA,p.Glu122Arg,0.18855042016806725,10,200,0.02100840336134454,0.11142061281337047
urn:mavedb:00000106-a-1#130,NA,NA,p.Ala121Arg,1.5024645583424208,79,175,0.2010178117048346,0.13379204892966362
urn:mavedb:00000106-a-1#131,NA,NA,p.Lys120Arg,2.269528271053492,155,335,0.2828467153284672,0.1246279761904762
urn:mavedb:00000106-a-1#132,NA,NA,p.Arg119Arg,0.7910285117181669,57,330,0.09359605911330048,0.11832197920401576
urn:mavedb:00000106-a-1#133,NA,NA,p.Asp118Arg,3.0318029292500355,239,301,0.29949874686716793,0.09878569084345258
urn:mavedb:00000106-a-1#134,NA,NA,p.Glu117Arg,0.20314033366045145,18,350,0.017664376840039256,0.08695652173913042
urn:mavedb:00000106-a-1#135,NA,NA,p.Cys116Arg,0.5405196401993141,89,505,0.0727124183006536,0.13452317527970165
urn:mavedb:00000106-a-1#136,NA,NA,p.Phe115Arg,0.9031647687408928,319,350,0.12051378919531545,0.13343499809378573
urn:mavedb:00000106-a-1#137,NA,NA,p.Tyr114Arg,0.3725338230131511,71,190,0.03642893791688045,0.09778692743180648
urn:mavedb:00000106-a-1#138,NA,NA,p.Leu113Arg,2.114186292403933,490,307,0.2291861552853134,0.10840395480225988
urn:mavedb:00000106-a-1#139,NA,NA,p.Pro123Gln,1.6354522184300342,17,48,0.05802047781569966,0.03547671840354767
urn:mavedb:00000106-a-1#140,NA,NA,p.Glu122Gln,4.71376050420168,75,60,0.15756302521008406,0.033426183844011144
urn:mavedb:00000106-a-1#141,NA,NA,p.Ala121Gln,0.7564191533657183,10,44,0.025445292620865142,0.03363914373088685
urn:mavedb:00000106-a-1#142,NA,NA,p.Lys120Gln,0.9976493876036128,12,59,0.021897810218978103,0.02194940476190476
urn:mavedb:00000106-a-1#143,NA,NA,p.Arg119Gln,1.2633486212558744,24,87,0.039408866995073885,0.03119397633560416
urn:mavedb:00000106-a-1#144,NA,NA,p.Asp118Gln,0.14545888530850934,4,105,0.005012531328320803,0.034460124712832295
urn:mavedb:00000106-a-1#145,NA,NA,p.Glu117Gln,1.122617633386705,27,95,0.02649656526005888,0.02360248447204969
urn:mavedb:00000106-a-1#146,NA,NA,p.Cys116Gln,0.255582788671024,6,72,0.004901960784313725,0.019179541822056476
urn:mavedb:00000106-a-1#147,NA,NA,p.Phe115Gln,0.8630707922541648,81,93,0.03060068001511145,0.03545558520777736
urn:mavedb:00000106-a-1#148,NA,NA,p.Tyr114Gln,0.06473516222105241,5,77,0.0025654181631605947,0.03962943901183737
urn:mavedb:00000106-a-1#149,NA,NA,p.Leu113Gln,0.5795135640785781,28,64,0.013096351730589336,0.02259887005649717
urn:mavedb:00000106-a-1#150,NA,NA,p.Pro123Pro,2.501279863481229,39,72,0.13310580204778158,0.053215077605321515
urn:mavedb:00000106-a-1#151,NA,NA,p.Glu122Pro,0.3407537713880733,15,166,0.031512605042016806,0.09247910863509748
urn:mavedb:00000106-a-1#152,NA,NA,p.Ala121Pro,1.9747582697201016,89,150,0.2264631043256997,0.1146788990825688
urn:mavedb:00000106-a-1#153,NA,NA,p.Lys120Pro,0.18055617751108324,12,326,0.021897810218978103,0.1212797619047619
urn:mavedb:00000106-a-1#154,NA,NA,p.Arg119Pro,0.42511414576015183,22,237,0.0361247947454844,0.08497669415561132
urn:mavedb:00000106-a-1#155,NA,NA,p.Asp118Pro,3.2667641325536065,231,270,0.2894736842105263,0.08861174926156876
urn:mavedb:00000106-a-1#156,NA,NA,p.Glu117Pro,0.3719109644036042,29,308,0.02845927379784102,0.07652173913043478
urn:mavedb:00000106-a-1#157,NA,NA,p.Cys116Pro,0.2947260986476673,32,333,0.026143790849673203,0.08870538092701119
urn:mavedb:00000106-a-1#158,NA,NA,p.Phe115Pro,0.10602576719354624,26,243,0.009822440498677748,0.09264201296225696
urn:mavedb:00000106-a-1#159,NA,NA,p.Tyr114Pro,3.5754972964439364,746,208,0.3827603899435608,0.10705095213587236
urn:mavedb:00000106-a-1#160,NA,NA,p.Leu113Pro,0.5189164167301554,38,97,0.017773620205799808,0.034251412429378535
urn:mavedb:00000106-a-1#161,NA,NA,p.Pro123Asn,0.8506376863660858,7,38,0.023890784982935155,0.028085735402808572
urn:mavedb:00000106-a-1#162,NA,NA,p.Glu122Asn,3.653164390756303,31,32,0.06512605042016807,0.017827298050139277
urn:mavedb:00000106-a-1#163,NA,NA,p.Ala121Asn,1.6641221374045805,11,22,0.027989821882951654,0.016819571865443424
urn:mavedb:00000106-a-1#164,NA,NA,p.Lys120Asn,0.6628526336555534,10,74,0.01824817518248175,0.027529761904761904
urn:mavedb:00000106-a-1#165,NA,NA,p.Arg119Asn,1.632346485880115,36,101,0.059113300492610835,0.03621369666547149
urn:mavedb:00000106-a-1#166,NA,NA,p.Asp118Asn,2.4871467659975623,71,109,0.08897243107769423,0.03577289136855924
urn:mavedb:00000106-a-1#167,NA,NA,p.Glu117Asn,1.149076634846998,48,165,0.047105004906771344,0.040993788819875775
urn:mavedb:00000106-a-1#168,NA,NA,p.Cys116Asn,0.862591911764706,27,96,0.02205882352941177,0.025572722429408633
urn:mavedb:00000106-a-1#169,NA,NA,p.Phe115Asn,0.8226614679487636,44,53,0.01662259161314696,0.020205871139916128
urn:mavedb:00000106-a-1#170,NA,NA,p.Tyr114Asn,0.02121109570647249,1,47,0.000513083632632119,0.02418939783839424
urn:mavedb:00000106-a-1#171,NA,NA,p.Leu113Asn,0.04647727832209148,2,57,0.0009354536950420953,0.0201271186440678
urn:mavedb:00000106-a-1#172,NA,NA,p.Pro123Met,0.2664085061695983,3,52,0.010238907849829351,0.03843311160384332
urn:mavedb:00000106-a-1#173,NA,NA,p.Glu122Met,0.06983348895113603,1,54,0.0021008403361344537,0.030083565459610027
urn:mavedb:00000106-a-1#174,NA,NA,p.Ala121Met,2.2692574600971547,15,22,0.03816793893129771,0.016819571865443424
urn:mavedb:00000106-a-1#175,NA,NA,p.Lys120Met,0.9466000768344216,11,57,0.020072992700729927,0.021205357142857144
urn:mavedb:00000106-a-1#176,NA,NA,p.Arg119Met,0.8538309537725084,11,59,0.0180623973727422,0.021154535675869487
urn:mavedb:00000106-a-1#177,NA,NA,p.Asp118Met,0.2688940661512937,5,71,0.006265664160401002,0.02330160813915327
urn:mavedb:00000106-a-1#178,NA,NA,p.Glu117Met,0.7472880142163754,21,111,0.020608439646712464,0.0275776397515528
urn:mavedb:00000106-a-1#179,NA,NA,p.Cys116Met,0.933432793407218,21,69,0.01715686274509804,0.01838039424613745
urn:mavedb:00000106-a-1#180,NA,NA,p.Phe115Met,2.4322904145344646,135,55,0.05100113335851908,0.020968356843309187
urn:mavedb:00000106-a-1#181,NA,NA,p.Tyr114Met,0.056429518766275874,3,53,0.0015392508978963571,0.027277406073082863
urn:mavedb:00000106-a-1#182,NA,NA,p.Leu113Met,0.12227099373965605,6,65,0.002806361085126286,0.022951977401129944
urn:mavedb:00000106-a-1#183,NA,NA,p.Pro123Leu,0.6941711838318946,23,153,0.07849829351535836,0.1130820399113082
urn:mavedb:00000106-a-1#184,NA,NA,p.Glu122Leu,0.2118544046832216,10,178,0.02100840336134454,0.09916434540389972
urn:mavedb:00000106-a-1#185,NA,NA,p.Ala121Leu,0.9181363516714924,32,116,0.08142493638676845,0.08868501529051988
urn:mavedb:00000106-a-1#186,NA,NA,p.Lys120Leu,0.3600080358936583,16,218,0.0291970802919708,0.08110119047619048
urn:mavedb:00000106-a-1#187,NA,NA,p.Arg119Leu,0.612393554053538,23,172,0.03776683087027915,0.061670849766941566
urn:mavedb:00000106-a-1#188,NA,NA,p.Asp118Leu,1.3579712880527681,85,239,0.10651629072681704,0.07843780767968493
urn:mavedb:00000106-a-1#189,NA,NA,p.Glu117Leu,0.6557833594143702,43,259,0.042198233562316,0.06434782608695652
urn:mavedb:00000106-a-1#190,NA,NA,p.Cys116Leu,0.8404216965552531,77,281,0.06290849673202614,0.07485348961108151
urn:mavedb:00000106-a-1#191,NA,NA,p.Phe115Leu,0.7299068434583099,151,205,0.05704571212693616,0.0781547845977888
urn:mavedb:00000106-a-1#192,NA,NA,p.Tyr114Leu,0.09969214982042073,12,120,0.0061570035915854285,0.061760164693772525
urn:mavedb:00000106-a-1#193,NA,NA,p.Leu113Leu,3.053944496414094,332,144,0.15528531337698784,0.05084745762711865
urn:mavedb:00000106-a-1#194,NA,NA,p.Pro123Lys,0.4617747440273037,6,60,0.020477815699658702,0.044345898004434586
urn:mavedb:00000106-a-1#195,NA,NA,p.Glu122Lys,0.07695935517063969,1,49,0.0021008403361344537,0.027298050139275762
urn:mavedb:00000106-a-1#196,NA,NA,p.Ala121Lys,2.40373197625106,13,18,0.03307888040712468,0.013761467889908258
urn:mavedb:00000106-a-1#197,NA,NA,p.Lys120Lys,0.8349122534555055,8,47,0.0145985401459854,0.017485119047619048
urn:mavedb:00000106-a-1#198,NA,NA,p.Arg119Lys,1.0117806545232366,19,86,0.03119868637110016,0.030835424883470783
urn:mavedb:00000106-a-1#199,NA,NA,p.Asp118Lys,0.11932174185463658,3,96,0.003759398496240601,0.03150639973744667
urn:mavedb:00000106-a-1#200,NA,NA,p.Glu117Lys,0.4796368989205103,17,140,0.016683022571148183,0.034782608695652174
urn:mavedb:00000106-a-1#201,NA,NA,p.Cys116Lys,0.37402359317710826,10,82,0.008169934640522876,0.021843367075119868
urn:mavedb:00000106-a-1#202,NA,NA,p.Phe115Lys,2.9108660748016626,141,48,0.05326785039667548,0.018299656881433472
urn:mavedb:00000106-a-1#203,NA,NA,p.Tyr114Lys,0.0,0,37,0.0,0.019042717447246525
urn:mavedb:00000106-a-1#204,NA,NA,p.Leu113Lys,0.14048813674632196,7,66,0.003274087932647334,0.023305084745762712
urn:mavedb:00000106-a-1#205,NA,NA,p.Pro123Ile,0.11262798634812285,1,41,0.0034129692832764505,0.030303030303030307
urn:mavedb:00000106-a-1#206,NA,NA,p.Glu122Ile,0.0,0,26,0.0,0.01448467966573816
urn:mavedb:00000106-a-1#207,NA,NA,p.Ala121Ile,0.35659760087241005,3,28,0.0076335877862595426,0.021406727828746176
urn:mavedb:00000106-a-1#208,NA,NA,p.Lys120Ile,0.1635036496350365,2,60,0.0036496350364963507,0.02232142857142857
urn:mavedb:00000106-a-1#209,NA,NA,p.Arg119Ile,0.08034453950969378,1,57,0.0016420361247947454,0.020437432771602725
urn:mavedb:00000106-a-1#210,NA,NA,p.Asp118Ile,0.1468575284364758,3,78,0.003759398496240601,0.02559894978667542
urn:mavedb:00000106-a-1#211,NA,NA,p.Glu117Ile,0.9625930843387404,29,119,0.02845927379784102,0.02956521739130435
urn:mavedb:00000106-a-1#212,NA,NA,p.Cys116Ile,1.054279003267974,33,96,0.02696078431372549,0.025572722429408633
urn:mavedb:00000106-a-1#213,NA,NA,p.Phe115Ile,0.17233619684302162,8,46,0.003022289384208538,0.017537171178040413
urn:mavedb:00000106-a-1#214,NA,NA,p.Tyr114Ile,0.13003323889620094,3,23,0.0015392508978963571,0.011837364899639732
urn:mavedb:00000106-a-1#215,NA,NA,p.Leu113Ile,0.11687668519231828,3,34,0.001403180542563143,0.012005649717514123
urn:mavedb:00000106-a-1#216,NA,NA,p.Pro123His,1.3320425308479915,15,52,0.05119453924914676,0.03843311160384332
urn:mavedb:00000106-a-1#217,NA,NA,p.Glu122His,1.3796372207419554,15,41,0.031512605042016806,0.022841225626740947
urn:mavedb:00000106-a-1#218,NA,NA,p.Ala121His,0.5294934073560028,7,44,0.017811704834605598,0.03363914373088685
urn:mavedb:00000106-a-1#219,NA,NA,p.Lys120His,1.7518248175182485,35,98,0.06386861313868614,0.036458333333333336
urn:mavedb:00000106-a-1#220,NA,NA,p.Arg119His,1.9929909383932372,47,108,0.07717569786535304,0.03872355683040516
urn:mavedb:00000106-a-1#221,NA,NA,p.Asp118His,1.1559977926467544,33,109,0.04135338345864661,0.03577289136855924
urn:mavedb:00000106-a-1#222,NA,NA,p.Glu117His,0.8612674965136099,29,133,0.02845927379784102,0.03304347826086956
urn:mavedb:00000106-a-1#223,NA,NA,p.Cys116His,1.0795816993464054,44,125,0.03594771241830065,0.03329781566329248
urn:mavedb:00000106-a-1#224,NA,NA,p.Phe115His,3.7052282321249645,430,115,0.1624480544012089,0.04384292794510103
urn:mavedb:00000106-a-1#225,NA,NA,p.Tyr114His,0.0,0,64,0.0,0.032938754503345345
urn:mavedb:00000106-a-1#226,NA,NA,p.Leu113His,0.11038353601496724,5,60,0.0023386342376052385,0.0211864406779661
urn:mavedb:00000106-a-1#227,NA,NA,p.Pro123Gly,0.2623720136518771,5,88,0.017064846416382253,0.06504065040650407
urn:mavedb:00000106-a-1#228,NA,NA,p.Glu122Gly,3.2284172661870505,119,139,0.25,0.07743732590529248
urn:mavedb:00000106-a-1#229,NA,NA,p.Ala121Gly,0.4590681758357462,12,87,0.03053435114503817,0.06651376146788991
urn:mavedb:00000106-a-1#230,NA,NA,p.Lys120Gly,0.6812652068126521,25,180,0.04562043795620438,0.06696428571428571
urn:mavedb:00000106-a-1#231,NA,NA,p.Arg119Gly,2.157518700966977,106,225,0.17405582922824306,0.08067407673001076
